{"stats":{"minecraft:killed":{"minecraft:cow":1},"minecraft:custom":{"minecraft:jump":30,"minecraft:time_since_rest":2809,"minecraft:damage_dealt":100,"minecraft:leave_game":4,"minecraft:play_time":2809,"minecraft:sprint_one_cm":1028,"minecraft:time_since_death":2809,"minecraft:walk_one_cm":2706,"minecraft:total_world_time":2809,"minecraft:mob_kills":1,"minecraft:fall_one_cm":476,"minecraft:fly_one_cm":6505},"minecraft:mined":{"minecraft:grass":1},"minecraft:picked_up":{"minecraft:beef":2,"minecraft:wheat_seeds":1}},"DataVersion":3465}