{
  "minecraft:recipes/decorations/crafting_table": {
    "criteria": {
      "unlock_right_away": "2024-07-31 05:14:50 +0000"
    },
    "done": true
  },
  "minecraft:adventure/adventuring_time": {
    "criteria": {
      "minecraft:plains": "2024-07-31 05:14:52 +0000"
    },
    "done": false
  },
  "minecraft:adventure/root": {
    "criteria": {
      "killed_something": "2024-07-31 05:15:11 +0000"
    },
    "done": true
  },
  "minecraft:recipes/food/cooked_beef_from_smoking": {
    "criteria": {
      "has_beef": "2024-07-31 05:15:12 +0000"
    },
    "done": true
  },
  "minecraft:recipes/food/cooked_beef": {
    "criteria": {
      "has_beef": "2024-07-31 05:15:12 +0000"
    },
    "done": true
  },
  "minecraft:recipes/food/cooked_beef_from_campfire_cooking": {
    "criteria": {
      "has_beef": "2024-07-31 05:15:12 +0000"
    },
    "done": true
  },
  "aquaculture:recipes/aquaculture/heavy_hook": {
    "criteria": {
      "has_items": "2024-07-31 06:25:55 +0000"
    },
    "done": true
  },
  "aquaculture:recipes/decorations/birch_fish_mount": {
    "criteria": {
      "has_items": "2024-07-31 06:25:55 +0000"
    },
    "done": true
  },
  "aquaculture:recipes/misc/neptunium_ingot_from_neptunium_block": {
    "criteria": {
      "has_items": "2024-07-31 06:25:55 +0000"
    },
    "done": true
  },
  "aquaculture:recipes/misc/iron_nugget_from_smelting": {
    "criteria": {
      "has_fishing_rod": "2024-07-31 06:25:55 +0000",
      "has_fillet_knife": "2024-07-31 06:25:55 +0000"
    },
    "done": true
  },
  "aquaculture:recipes/tools/golden_fishing_rod": {
    "criteria": {
      "has_vanilla_rod": "2024-07-31 06:25:55 +0000"
    },
    "done": true
  },
  "aquaculture:recipes/misc/gold_nugget_from_smelting": {
    "criteria": {
      "has_fishing_rod": "2024-07-31 06:25:55 +0000",
      "has_fillet_knife": "2024-07-31 06:25:55 +0000"
    },
    "done": true
  },
  "aquaculture:recipes/misc/bonemeal_from_fish_bones": {
    "criteria": {
      "has_items": "2024-07-31 06:25:55 +0000"
    },
    "done": true
  },
  "aquaculture:recipes/misc/brown_mushroom_from_fish": {
    "criteria": {
      "has_items": "2024-07-31 06:25:55 +0000"
    },
    "done": true
  },
  "aquaculture:recipes/misc/neptinium_ingot_from_blasting": {
    "criteria": {
      "has_leggings": "2024-07-31 06:25:55 +0000",
      "has_axe": "2024-07-31 06:25:55 +0000",
      "has_helmet": "2024-07-31 06:25:55 +0000",
      "has_fishing_rod": "2024-07-31 06:25:55 +0000",
      "has_bow": "2024-07-31 06:25:55 +0000",
      "has_chestplate": "2024-07-31 06:25:55 +0000",
      "has_sword": "2024-07-31 06:25:55 +0000",
      "has_fillet_knife": "2024-07-31 06:25:55 +0000",
      "has_shovel": "2024-07-31 06:25:55 +0000",
      "has_hoe": "2024-07-31 06:25:55 +0000",
      "has_boots": "2024-07-31 06:25:55 +0000",
      "has_pickaxe": "2024-07-31 06:25:55 +0000"
    },
    "done": true
  },
  "aquaculture:recipes/decorations/dark_oak_fish_mount": {
    "criteria": {
      "has_items": "2024-07-31 06:25:55 +0000"
    },
    "done": true
  },
  "aquaculture:recipes/decorations/acacia_fish_mount": {
    "criteria": {
      "has_items": "2024-07-31 06:25:55 +0000"
    },
    "done": true
  },
  "aquaculture:recipes/aquaculture/diamond_hook": {
    "criteria": {
      "has_items": "2024-07-31 06:25:55 +0000"
    },
    "done": true
  },
  "betterdungeons:root": {
    "criteria": {
      "always": "2024-07-31 06:25:55 +0000"
    },
    "done": true
  },
  "aquaculture:recipes/food/sushi": {
    "criteria": {
      "has_alt_items": "2024-07-31 06:25:55 +0000",
      "has_items": "2024-07-31 06:25:55 +0000"
    },
    "done": true
  },
  "aquaculture:recipes/aquaculture/light_hook": {
    "criteria": {
      "has_items": "2024-07-31 06:25:55 +0000"
    },
    "done": true
  },
  "aquaculture:recipes/misc/red_mushroom_from_fish": {
    "criteria": {
      "has_items": "2024-07-31 06:25:55 +0000"
    },
    "done": true
  },
  "aquaculture:recipes/building_blocks/planks_from_driftwood": {
    "criteria": {
      "has_items": "2024-07-31 06:25:55 +0000"
    },
    "done": true
  },
  "aquaculture:recipes/aquaculture/worm_farm": {
    "criteria": {
      "has_items": "2024-07-31 06:25:55 +0000"
    },
    "done": true
  },
  "aquaculture:recipes/tools/iron_fishing_rod": {
    "criteria": {
      "has_vanilla_rod": "2024-07-31 06:25:55 +0000"
    },
    "done": true
  },
  "aquaculture:recipes/aquaculture/note_hook": {
    "criteria": {
      "has_items": "2024-07-31 06:25:55 +0000"
    },
    "done": true
  },
  "aquaculture:recipes/food/cooked_fish_fillet_from_campfire": {
    "criteria": {
      "has_items": "2024-07-31 06:25:55 +0000"
    },
    "done": true
  },
  "aquaculture:recipes/aquaculture/gold_hook": {
    "criteria": {
      "has_items": "2024-07-31 06:25:55 +0000"
    },
    "done": true
  },
  "aquaculture:recipes/decorations/oak_fish_mount": {
    "criteria": {
      "has_items": "2024-07-31 06:25:55 +0000"
    },
    "done": true
  },
  "aquaculture:recipes/decorations/spruce_fish_mount": {
    "criteria": {
      "has_items": "2024-07-31 06:25:55 +0000"
    },
    "done": true
  },
  "aquaculture:recipes/aquaculture/double_hook": {
    "criteria": {
      "has_items": "2024-07-31 06:25:55 +0000"
    },
    "done": true
  },
  "betterdeserttemples:root": {
    "criteria": {
      "always": "2024-07-31 06:25:55 +0000"
    },
    "done": true
  },
  "aquaculture:recipes/aquaculture/fishing_line": {
    "criteria": {
      "has_items": "2024-07-31 06:25:55 +0000"
    },
    "done": true
  },
  "aquaculture:recipes/misc/tin_can_to_iron_nugget_from_blasting": {
    "criteria": {
      "has_items": "2024-07-31 06:25:55 +0000"
    },
    "done": true
  },
  "aquaculture:recipes/aquaculture/iron_hook": {
    "criteria": {
      "has_items": "2024-07-31 06:25:55 +0000"
    },
    "done": true
  },
  "aquaculture:recipes/misc/jellyfish_to_slimeball": {
    "criteria": {
      "has_items": "2024-07-31 06:25:55 +0000"
    },
    "done": true
  },
  "aquaculture:recipes/aquaculture/redstone_hook": {
    "criteria": {
      "has_items": "2024-07-31 06:25:55 +0000"
    },
    "done": true
  },
  "aquaculture:recipes/misc/gold_nugget_from_blasting": {
    "criteria": {
      "has_fishing_rod": "2024-07-31 06:25:55 +0000",
      "has_fillet_knife": "2024-07-31 06:25:55 +0000"
    },
    "done": true
  },
  "aquaculture:recipes/aquaculture/bobber": {
    "criteria": {
      "has_items": "2024-07-31 06:25:55 +0000"
    },
    "done": true
  },
  "aquaculture:recipes/misc/gold_nugget_from_gold_fish": {
    "criteria": {
      "has_items": "2024-07-31 06:25:55 +0000"
    },
    "done": true
  },
  "aquaculture:recipes/food/cooked_fish_fillet_from_smoking": {
    "criteria": {
      "has_items": "2024-07-31 06:25:55 +0000"
    },
    "done": true
  },
  "aquaculture:recipes/tools/diamond_fishing_rod": {
    "criteria": {
      "has_vanilla_rod": "2024-07-31 06:25:55 +0000"
    },
    "done": true
  },
  "aquaculture:recipes/food/cooked_fish_fillet": {
    "criteria": {
      "has_items": "2024-07-31 06:25:55 +0000"
    },
    "done": true
  },
  "aquaculture:recipes/misc/neptunium_ingot_from_nuggets": {
    "criteria": {
      "has_items": "2024-07-31 06:25:55 +0000"
    },
    "done": true
  },
  "aquaculture:recipes/misc/iron_nugget_from_blasting": {
    "criteria": {
      "has_fishing_rod": "2024-07-31 06:25:55 +0000",
      "has_fillet_knife": "2024-07-31 06:25:55 +0000"
    },
    "done": true
  },
  "aquaculture:recipes/misc/tin_can_to_iron_nugget": {
    "criteria": {
      "has_items": "2024-07-31 06:25:55 +0000"
    },
    "done": true
  },
  "aquaculture:recipes/decorations/jungle_fish_mount": {
    "criteria": {
      "has_items": "2024-07-31 06:25:55 +0000"
    },
    "done": true
  },
  "tombstone:adventure/root": {
    "criteria": {
      "auto": "2024-07-31 06:25:56 +0000"
    },
    "done": true
  },
  "DataVersion": 3465
}